<?xml version="1.0"?>
<ruleset name="WordPress Coding Standards">
	<description>Apply WordPress Coding Standards</description>

	<!-- Set the memory limit to 256M.
		 For most standard PHP configurations, this means the memory limit will temporarily be raised.
		 Ref: https://github.com/squizlabs/PHP_CodeSniffer/wiki/Advanced-Usage#specifying-phpini-settings
	-->
	<ini name="memory_limit" value="256M"/>

	<!-- Whenever possible, cache the scan results and re-use those for unchanged files on the next scan. -->
	<arg name="cache"/>

	<!-- Strip the filepaths down to the relevant bit. -->
	<arg name="basepath" value="./"/>

	<!-- Check up to 20 files simultaneously. -->
	<arg name="parallel" value="20"/>

	<!-- Show sniff codes in all reports. -->
	<arg value="ps"/>

	<!-- Use WordPress "Extra" Coding Standards. -->
	<rule ref="WordPress-Extra">
		<!-- Allow array short syntax. -->
		<exclude name="Generic.Arrays.DisallowShortArraySyntax" />
		<!-- Allow short prefixes. -->
		<exclude name="WordPress.NamingConventions.PrefixAllGlobals.ShortPrefixPassed"/>
	</rule>

	<!-- Use WordPress "Docs" Coding Standards. -->
	<rule ref="WordPress-Docs" />

	<!-- Use WordPress PHP Compatibility. -->
	<rule ref="PHPCompatibilityWP"/>

	<!-- Supports PHP 8.0+. -->
	<config name="testVersion" value="8.1"/>

	<!-- Only sniff PHP files. -->
	<arg name="extensions" value="php"/>

	<!-- Sniff the entire plugin. -->
	<file>.</file>

	<!-- Don't sniff the following directories. -->
	<exclude-pattern>/vendor/*</exclude-pattern>
</ruleset>
