{
	"$schema": "https://schemas.wp.org/trunk/theme.json",
	"version": 2,
	"settings": {
		"appearanceTools": false,
		"border": {
			"radius": false,
			"color": false,
			"style": false,
			"width": false
		},
		"color": {
			"custom": false,
			"customDuotone": false,
			"customGradient": false,
			"duotone": [],
			"gradients": [],
			"link": false,
			"palette": [],
			"text": false,
			"background": false,
			"defaultGradients": false,
			"defaultPalette": false
		},
		"custom": {
			"spacing": {
				"small": "max(1.25rem, 5vw)",
				"medium": "clamp(2rem, 8vw, calc(4 * var(--wp--style--block-gap)))",
				"large": "clamp(4rem, 10vw, 8rem)",
				"outer": "var(--wp--custom--spacing--small, 1.25rem)"
			},
			"typography": {
				"font-size": {
					"large": "clamp(2.25rem, 4vw, 2.75rem)",
					"extra-large": "clamp(2.75rem, 6vw, 3.25rem)",
					"gigantic": "clamp(3.25rem, 8vw, 6.25rem)"
				},
				"line-height": {
					"tiny": 1.15,
					"small": 1.2,
					"medium": 1.4,
					"normal": 1.6
				}
			}
		},
		"layout": {
			"contentSize": "747px",
			"wideSize": "1260px"
		},
		"spacing": {
			"margin": false,
			"padding": false,
			"blockGap": null,
			"units": ["px", "em", "rem", "vh", "vw"]
		},
		"typography": {
			"customFontSize": false,
			"lineHeight": false,
			"dropCap": false,
			"fontStyle": false,
			"fontWeight": false,
			"letterSpacing": false,
			"textDecoration": false,
			"textTransform": false,
			"fontFamilies": [
				{
					"fontFamily": "-apple-system,BlinkMacSystemFont,\"Segoe UI\",Roboto,Oxygen-Sans,Ubuntu,Cantarell,\"Helvetica Neue\",sans-serif",
					"name": "System Font",
					"slug": "system-font"
				}
			],
			"fontSizes": [
				{
					"size": "1rem",
					"slug": "small"
				},
				{
					"size": "1.125rem",
					"slug": "medium"
				},
				{
					"size": "1.75rem",
					"slug": "large"
				},
				{
					"size": "clamp(1.75rem, 3vw, 2.25rem)",
					"slug": "x-large"
				}
			]
		},
		"blocks": {
			"core/paragraph": {
				"color": {},
				"custom": {},
				"layout": {},
				"spacing": {},
				"typography": {}
			},
			"core/heading": {}
		}
	},
	"styles": {
		"color": {
			"background": "var(--wp--preset--color--background)",
			"text": "var(--wp--preset--color--foreground)"
		},
		"spacing": {
			"blockGap": "1.5rem"
		},
		"typography": {
			"fontFamily": "var(--wp--preset--font-family--system-font)",
			"lineHeight": "var(--wp--custom--typography--line-height--normal)",
			"fontSize": "var(--wp--preset--font-size--medium)"
		},
		"elements": {
			"h1": {
				"typography": {
					"fontFamily": "var(--wp--preset--font-family--system-font)",
					"fontWeight": "300",
					"lineHeight": "var(--wp--custom--typography--line-height--tiny)",
					"fontSize": "var(--wp--custom--typography--font-size--gigantic)"
				}
			},
			"h2": {
				"typography": {
					"fontFamily": "var(--wp--preset--font-family--system-font)",
					"fontWeight": "300",
					"lineHeight": "var(--wp--custom--typography--line-height--small)",
					"fontSize": "var(--wp--custom--typography--font-size--extra-large)"
				}
			},
			"h3": {
				"typography": {
					"fontFamily": "var(--wp--preset--font-family--system-font)",
					"fontWeight": "300",
					"lineHeight": "var(--wp--custom--typography--line-height--tiny)",
					"fontSize": "var(--wp--custom--typography--font-size--large)"
				}
			},
			"h4": {
				"typography": {
					"fontFamily": "var(--wp--preset--font-family--system-font)",
					"fontWeight": "300",
					"lineHeight": "var(--wp--custom--typography--line-height--tiny)",
					"fontSize": "var(--wp--preset--font-size--x-large)"
				}
			},
			"h5": {
				"typography": {
					"fontFamily": "var(--wp--preset--font-family--system-font)",
					"fontWeight": "700",
					"textTransform": "uppercase",
					"lineHeight": "var(--wp--custom--typography--line-height--normal)",
					"fontSize": "var(--wp--preset--font-size--medium)"
				}
			},
			"h6": {
				"typography": {
					"fontFamily": "var(--wp--preset--font-family--system-font)",
					"fontWeight": "400",
					"textTransform": "uppercase",
					"lineHeight": "var(--wp--custom--typography--line-height--normal)",
					"fontSize": "var(--wp--preset--font-size--medium)"
				}
			},
			"link": {
				"color": {
					"text": "var(--wp--preset--color--foreground)"
				}
			}
		},
		"blocks": {
			"core/post-title": {
				"typography": {
					"fontFamily": "var(--wp--preset--font-family--system-font)",
					"fontWeight": "700",
					"lineHeight": "var(--wp--custom--typography--line-height--tiny)",
					"fontSize": "var(--wp--custom--typography--font-size--extra-large)"
				}
			}
		}
	},
	"customTemplates": [],
	"templateParts": []
}
